id;nom;prenom;login;password
1;Awesome Granite Computer;distributed Bike Data;Indiana;Unbranded Concrete Car
2;Valleys Georgia Bacon;Web;Cotton Principal Small Soft Salad;Infrastructure synergize
3;Cambridgeshire;Auto Loan Account Ranch scale;monitor;withdrawal Keyboard
4;Money Market Account Buckinghamshire;Wooden;program approach fault-tolerant;withdrawal Ergonomic Frozen Ball
5;Agent reboot invoice;Officer backing up;Awesome Steel Computer Fish;override Money Market Account dynamic
6;gold Ball;Money Market Account;Checking Account Health;Chilean Peso Unidades de fomento
7;generate cyan;sensor;Stand-alone Alaska;Fresh SCSI
8;Money Market Account Handmade transmitting;Configurable Internal;bypass;auxiliary Hat Customer
9;Persevering hybrid;Overpass;override Liaison;National streamline Personal Loan Account
10;channels;bandwidth Games asynchronous;Arizona;Intranet Fresh Assistant
